{"epoch":500,"train_loss":0.0010755330601698785,"val_per":0.2607274213322436,"_wandb":{"runtime":1069},"val_loss":2.8485287938799178,"_runtime":1068.825567009,"train_per":9.363295880149813e-05,"_step":1500,"_timestamp":1.7375801690438623e+09}